<?xml version="1.0" encoding="UTF-8"?>
<project-private xmlns="http://www.netbeans.org/ns/project-private/1">
    <editor-bookmarks xmlns="http://www.netbeans.org/ns/editor-bookmarks/2" lastBookmarkId="0"/>
    <open-files xmlns="http://www.netbeans.org/ns/projectui-open-files/2">
        <group>
            <file>file:/C:/MAMP/htdocs/finalSweProject/event.css</file>
            <file>file:/C:/MAMP/htdocs/finalSweProject/Home_page.php</file>
            <file>file:/C:/MAMP/htdocs/finalSweProject/profile.css</file>
            <file>file:/C:/MAMP/htdocs/finalSweProject/Team_Form_Js.js</file>
            <file>file:/C:/MAMP/htdocs/finalSweProject/profile.js</file>
            <file>file:/C:/MAMP/htdocs/finalSweProject/event.php</file>
            <file>file:/C:/MAMP/htdocs/finalSweProject/profile.php</file>
            <file>file:/C:/MAMP/htdocs/finalSweProject/Team_Form.php</file>
            <file>file:/C:/MAMP/htdocs/finalSweProject/Looking_For_Team.php</file>
            <file>file:/C:/MAMP/htdocs/finalSweProject/Looking_For_Team_Js.js</file>
        </group>
    </open-files>
</project-private>
